feature,adf_stat,p_value,n_obs,critical_value_1%,critical_value_5%,critical_value_10%
HUFL,-7.474622464433892,4.9510698038825765e-11,12153,-3.430888194829306,-2.8617778547405943,-2.566896605047013
HULL,-5.500107275892924,2.080519544797048e-06,12153,-3.430888194829306,-2.8617778547405943,-2.566896605047013
MUFL,-8.113639135803327,1.2071487475241883e-12,12162,-3.430887796475715,-2.861777678704508,-2.566896511343965
MULL,-5.070299359711122,1.6080534499709336e-05,12154,-3.430888150538656,-2.8617778351681533,-2.566896594628709
LUFL,-5.785036733046651,5.022376376623649e-07,12153,-3.430888194829306,-2.8617778547405943,-2.566896605047013
LULL,-4.56323459723511,0.0001508976476231695,12153,-3.430888194829306,-2.8617778547405943,-2.566896605047013
OT,-3.4864578516932427,0.008341773050183321,12154,-3.430888150538656,-2.8617778351681533,-2.566896594628709
