,count,mean,std,min,25%,50%,75%,max,skew
HUFL,12194.0,3.729271370235067e-17,1.0000410062944867,-4.262317234493921,-0.2336478430930073,0.1565281682459171,0.5785103152362392,2.550646593519301,-1.3620663655337637
HULL,12194.0,6.060065976631984e-17,1.000041006294487,-3.1770050884038614,-0.7676264424892326,-0.07051102028704213,0.6904948005012178,3.8604062225122697,0.2506226567572859
MUFL,12194.0,3.729271370235067e-17,1.0000410062944833,-4.305802496925835,-0.1559966570740112,0.20765952530228493,0.6000639190551064,2.0775895409749374,-1.6430753353574985
MULL,12194.0,2.7969535276763004e-17,1.0000410062944958,-3.438323752390506,-0.7286866670430526,0.009031900774136912,0.7649080497167587,3.5668895434962558,-0.016295188892649776
LUFL,12194.0,-2.7969535276763004e-17,1.00004100629449,-3.452987251868845,-0.6336034435769679,-0.19862245722633823,0.3650858849646563,4.696386457029563,1.6522197547315234
LULL,12194.0,8.390860583028902e-17,1.0000410062944765,-3.247916098746941,-0.21207041818147113,0.2468540624860361,0.6152012554093443,3.4200750951740737,-1.223650934490085
OT,12194.0,8.390860583028902e-17,1.0000410062944753,-2.440532198024964,-0.7468090478688044,-0.14011125179148662,0.5255194393679954,3.5590087624547744,0.8273078523367355
