,count,mean,std,min,25%,50%,75%,max,skew
HUFL,17420.0,7.375141332557705,7.067743958957745,-22.70599937438965,5.827000141143799,8.77400016784668,11.788000106811523,23.643999099731445,-1.3778756119841713
HULL,17420.0,2.2422424215417096,2.042342307036328,-4.75600004196167,0.7369999885559082,2.2100000381469727,3.6840000152587886,10.11400032043457,0.10096331372827308
MUFL,17420.0,4.300239086766587,6.826978212457667,-25.08799934387207,3.2960000634193416,5.96999979019165,8.635000228881836,17.340999603271484,-1.6052262391342278
MULL,17420.0,0.8815677387633465,1.8092934715308207,-5.934000015258789,-0.2840000092983246,0.9589999914169312,2.203000068664551,7.747000217437744,-0.13820611926541612
LUFL,17420.0,3.0660619981835002,1.1645059523875725,-1.187999963760376,2.315000057220459,2.8329999446868896,3.625,8.498000144958496,1.26653119966161
LULL,17420.0,0.856932145499343,0.5995518293119606,-1.371000051498413,0.6700000166893005,0.975000023841858,1.218000054359436,3.0460000038146973,-1.3622737629508255
OT,17420.0,13.324671589881694,8.566946318051215,-4.079999923706056,6.964000225067139,11.395999908447266,18.07900047302246,46.00699996948242,0.9681990350495362
