channel,count,mean,std,min,25%,50%,75%,max,skew
channel_0,4000,4.1961669694501325e-08,1.000124454498291,-3.537019729614258,-0.400701604783535,-0.3168145418167114,0.24261876195669174,3.790898084640503,0.6514492630958557
channel_1,4000,1.525878978725359e-08,1.0001246929168701,-3.9031152725219727,-0.3364066556096077,0.15192046016454697,0.3883689045906067,3.842902183532715,-0.306738018989563
channel_2,4000,-3.814697446813398e-09,1.0001250505447388,-6.679694652557373,-0.2021576538681984,0.23446808755397797,0.3682362735271454,5.794629096984863,-1.4377033710479736
channel_3,4000,3.5762786065873797e-09,1.000124454498291,-8.990676879882812,-0.2602977603673935,-0.009020747616887093,0.2633801996707916,16.500226974487305,1.008992314338684
channel_4,4000,-9.536743617033494e-10,1.0001252889633179,-10.129814147949219,-0.21357415616512299,0.00730725796893239,0.16675083339214325,10.015703201293945,-0.7364661693572998
channel_5,4000,1.4305114870438729e-09,1.0001258850097656,-6.955767631530762,-0.2660680264234543,0.03139086812734604,0.35990213602781296,3.9822351932525635,-1.1886461973190308
