config,task,model_name,threshold,raw_precision,raw_recall,raw_f1,pa0_precision,pa0_recall,pa0_f1,pa100_precision,pa100_recall,pa100_f1,test_loss
src/configs/anomaly_transformer.yaml,anomaly,transformer,0.15363967128098022,0.8320253164546431,0.26959517657181015,0.4072364511836239,0.9423143801073977,0.8890939666129818,0.914930880305092,0.8320253164546431,0.26959517657181015,0.4072364511836239,0.02800759302015965
src/configs/anomaly_timexer.yaml,anomaly,timexer,0.035445705058907,0.8127853881092971,0.014601533981372953,0.028687698593578337,0.9959675436434738,0.83068783068749,0.9058502499828325,0.8127853881092971,0.014601533981372953,0.028687698593578337,0.0010115933837369084
src/configs/anomaly_timexer_revin.yaml,anomaly,timexer_revin,0.0272657412923097,0.8041825094904148,0.017349575489103257,0.0339663544265262,0.994943544427592,0.831262048315971,0.9057674639231392,0.8041825094904148,0.017349575489103257,0.0339663544265262,0.0004949950963707127
src/configs/anomaly_timexer_nst.yaml,anomaly,timexer_nst,0.02657885721981699,0.7196581196458178,0.017267544399320264,0.033725866721680625,0.9920569574267486,0.8401214060125343,0.9097894593672834,0.7196581196458178,0.017267544399320264,0.033725866721680625,0.0010192919537668804
