config,task,model_name,mse,mae,rmse,loss
src/configs/forecast_transformer.yaml,forecast,transformer,0.11753098666667938,0.26754361391067505,0.3428279257392539,0.11753098324796475
src/configs/forecast_timexer.yaml,forecast,timexer,0.11197390407323837,0.2576267719268799,0.3346250200944908,0.11197390029817195
src/configs/forecast_timexer_revin.yaml,forecast,timexer_revin,0.11486762017011642,0.26074832677841187,0.3389212595428567,0.11486762827004918
src/configs/forecast_timexer_nst.yaml,forecast,timexer_nst,0.11049138754606247,0.25502195954322815,0.33240244816496534,0.11049138242477817
