channel,count,mean,std,min,25%,50%,75%,max,skew
channel_0,4000,2.5527596473693848,7.073190212249756,-22.462127685546875,-0.2811250016093254,0.3121500015258789,4.268633604049683,29.36315155029297,0.6514492630958557
channel_1,4000,-1.3039367198944092,6.7949395179748535,-27.82204246520996,-3.5895130038261414,-0.2717760056257248,1.3346754908561707,24.805076599121094,-0.3067380487918854
channel_2,4000,-1.026580572128296,3.5468177795410156,-24.715272903442383,-1.7435070276260376,-0.19506900012493134,0.2793229967355728,19.523338317871094,-1.4377033710479736
channel_3,4000,0.01905110478401184,2.112185001373291,-18.96854019165039,-0.530677005648613,0.0,0.5752890110015869,34.8662109375,1.008992314338684
channel_4,4000,-0.023957697674632072,1.8209763765335083,-18.467824935913086,-0.41282299160957336,-0.010653000324964523,0.27965399622917175,18.212141036987305,-0.736466109752655
channel_5,4000,-0.05578966811299324,3.517021417617798,-24.51634407043457,-0.9914407432079315,0.05459899827837944,1.2098370492458344,13.948081970214844,-1.1886461973190308
